{
"windSpeed":10.692400,"width":0.200000,"depth":0.100000,"height":0.300000,"heightToWidth":1.500000,"widthToDepth":2.000000,"duration":32.000000,"timeUnit":sec,"lengthUnit":m,"samplingRate":1000.000000,"windDirection":0.000000,"exposureType":Open,"roughnessLength":0.030000,"dataType":CFD,"fileName":HR_CFD_1.50_2.00_0.00_0.030}